id,field1,field2,field3,field4,field5,field6,field7,field8,field9,field10,field11,field12,field13,field14,field15,field16,field17,field18,field19,field20
1,5,0,0,230,1,0,1,1,61,214,29,121,58,246,160,78,298,125,226,132
2,10,1,1,54,1,0,1,0,122,101,117,247,129,175,37,227,77,79,288,256
3,8,1,0,156,1,1,1,0,128,210,83,218,278,244,34,94,220,111,237,231
4,6,0,0,224,0,1,1,0,179,99,48,29,12,97,101,78,223,136,170,124
5,7,0,0,241,1,1,1,1,79,120,88,243,257,195,186,201,142,166,100,259
6,10,1,1,148,1,0,1,0,260,12,23,169,196,131,19,250,43,55,29,92
7,7,1,1,286,0,0,0,0,28,268,250,294,253,285,26,280,98,250,216,141
8,7,1,0,119,1,1,1,1,240,3,155,167,239,161,70,189,171,123,1,172
9,9,1,1,269,1,0,1,1,132,70,230,59,51,19,204,62,241,92,187,48
10,8,1,1,53,1,0,1,0,40,97,217,110,285,96,138,225,209,267,27,181
11,7,1,0,151,1,0,1,1,199,159,151,93,266,119,137,142,117,124,122,137
12,6,0,1,45,0,0,0,1,23,246,120,68,85,258,241,39,57,114,239,183
13,8,1,1,111,1,0,0,0,132,192,41,63,203,124,208,37,183,194,62,53
14,9,1,1,299,1,1,1,1,277,134,197,149,18,54,220,160,155,298,288,59
15,7,0,0,33,0,1,1,1,178,123,123,107,60,213,110,33,218,272,259,2
16,5,0,0,139,1,0,0,0,5,264,207,87,55,24,70,189,258,129,51,278
17,8,0,1,233,1,1,1,0,27,19,160,120,251,276,127,162,249,198,260,194
18,9,1,1,41,1,0,1,1,270,32,189,244,180,156,170,57,221,290,108,163
19,8,1,0,189,1,1,0,1,94,290,290,225,97,14,255,56,248,182,124,166
20,6,0,1,267,0,1,1,1,5,213,137,217,116,30,40,198,107,12,72,34
21,4,0,0,284,0,0,0,0,282,158,22,287,146,70,245,14,71,165,85,162
22,6,0,1,24,0,1,0,1,122,18,15,234,87,15,163,266,8,98,102,221
23,8,1,1,267,1,0,0,1,282,246,256,80,217,52,20,253,282,249,190,78
24,6,0,0,61,0,1,0,1,47,15,49,246,10,218,45,132,4,37,82,71
25,9,1,1,195,0,0,0,1,64,109,158,297,95,193,16,93,213,114,226,52
26,7,1,0,260,0,1,0,1,238,198,113,161,193,239,90,134,275,48,86,226
27,6,1,0,75,0,0,0,1,192,178,245,247,183,13,36,247,33,97,40,246
28,8,1,0,197,1,0,0,1,287,79,208,262,138,254,134,245,105,166,106,238
29,9,1,1,289,1,1,0,0,123,253,284,206,1,133,128,64,40,194,279,189
30,7,1,0,289,1,0,1,0,189,114,285,115,44,25,228,150,17,274,246,43
31,5,0,0,152,0,1,1,0,107,213,101,201,173,161,129,44,171,193,123,94
32,6,1,0,294,0,1,0,0,45,87,140,5,232,41,166,262,202,298,98,126
33,7,0,1,42,0,0,0,1,47,65,294,132,175,58,13,139,151,74,207,282
34,7,0,1,242,1,0,1,0,147,65,182,136,32,200,74,77,18,297,127,256
35,8,1,1,147,1,0,1,1,297,31,30,147,97,38,203,129,16,63,192,95
36,5,0,0,256,1,0,0,0,187,228,54,2,76,51,269,258,188,202,184,290
37,8,1,1,125,0,0,0,1,192,30,178,268,294,2,19,8,137,173,119,173
38,8,1,1,195,0,0,0,0,68,231,55,50,158,91,126,153,70,250,192,202
39,7,1,0,7,0,1,0,1,161,57,43,193,21,68,206,230,53,145,74,27
40,7,0,1,143,0,0,1,1,274,265,205,278,17,19,214,259,156,126,49,218
41,7,0,1,209,0,0,1,0,22,276,205,205,93,96,18,228,258,102,267,26
42,6,0,1,125,0,1,1,0,187,92,8,234,164,164,177,154,158,154,115,296
43,6,0,1,28,0,1,0,0,202,37,187,145,22,86,47,125,203,78,67,297
44,8,1,1,166,1,0,0,0,292,263,33,246,94,118,134,213,27,210,141,14
45,8,1,1,124,0,1,0,0,125,234,241,234,18,27,13,238,234,257,30,160
46,5,0,0,295,0,0,1,1,214,122,50,151,26,9,285,53,254,137,185,164
47,6,0,1,231,0,0,0,1,45,142,295,79,143,101,225,28,284,7,188,147
48,9,1,1,158,0,0,1,1,198,31,95,149,100,275,182,255,131,272,221,292
49,9,1,1,60,0,1,0,1,229,11,223,214,127,225,38,158,120,121,37,225
50,7,1,0,80,0,0,1,1,266,286,236,285,257,164,205,143,297,231,280,257
51,7,0,1,198,1,0,1,1,59,279,213,208,233,251,25,271,270,98,102,183
52,6,0,0,222,1,1,1,0,2,195,146,263,290,103,23,201,100,253,29,282
53,8,1,0,47,0,1,1,0,250,61,21,99,251,297,246,104,15,266,258,33
54,6,0,0,181,1,1,0,0,225,175,275,1,59,266,223,298,264,8,203,273
55,8,1,0,130,0,1,1,1,250,98,259,138,166,229,201,274,279,28,133,94
56,7,1,0,72,0,1,0,0,262,56,284,55,41,273,129,118,77,37,199,245
57,8,1,0,210,1,1,0,1,206,182,190,279,188,286,120,170,265,30,150,161
58,9,1,1,157,0,1,0,1,116,284,287,195,9,237,105,61,277,43,83,115
59,6,0,0,260,1,1,1,0,111,109,113,222,171,63,131,295,171,235,22,228
60,8,1,0,279,1,0,1,1,61,36,1,80,1,64,77,134,226,66,47,91
61,9,1,1,156,0,1,1,1,166,7,222,125,165,118,287,162,193,277,300,36
62,8,0,1,277,1,1,1,0,78,79,13,89,204,111,250,182,222,177,164,101
63,9,1,1,66,0,0,1,0,44,227,258,221,264,174,125,67,53,46,152,233
64,8,1,1,58,0,0,1,0,228,155,69,223,140,251,143,166,86,138,291,93
65,6,0,0,72,1,0,1,1,223,234,242,152,12,32,25,85,261,117,132,117
66,6,0,1,70,1,0,0,0,180,93,152,123,186,192,43,28,130,67,98,272
67,7,0,1,142,0,1,0,1,243,110,115,40,291,49,245,81,2,164,258,176
68,7,1,0,258,1,1,1,1,232,219,8,110,120,158,165,12,175,134,273,47
69,7,1,1,64,0,0,1,0,55,287,265,121,76,44,145,137,58,35,140,136
70,8,1,0,80,1,0,1,1,221,121,243,177,209,297,92,171,97,18,23,148
71,10,1,1,67,1,1,1,0,188,63,142,1,264,292,280,161,106,93,61,77
72,6,0,1,252,0,0,1,0,172,72,35,298,271,294,1,61,93,61,297,21
73,5,0,0,289,1,0,1,1,221,138,137,103,264,206,12,44,235,192,22,98
74,7,0,0,228,1,0,1,1,268,60,205,211,13,206,224,101,267,119,266,120
75,5,0,0,163,0,0,0,0,242,90,117,65,249,26,170,173,121,22,259,142
76,6,0,0,283,1,1,0,0,112,231,183,14,114,166,222,239,130,280,164,102
77,6,0,0,27,1,0,1,1,70,95,166,103,32,19,33,215,201,122,63,11
78,7,1,0,4,0,0,1,1,101,135,145,267,281,162,194,128,177,259,167,255
79,6,0,1,261,0,0,1,0,92,103,211,221,201,271,98,288,158,294,68,293
80,7,0,1,186,1,1,0,1,172,106,112,118,267,172,94,6,27,297,269,223
81,7,1,0,202,1,0,1,1,112,191,122,300,61,53,216,203,150,243,207,227
82,9,1,1,64,0,0,1,0,27,36,214,46,113,7,187,64,157,56,40,159
83,10,1,1,232,0,1,1,1,179,177,250,185,82,241,20,72,64,277,140,18
84,7,1,0,33,0,1,1,0,236,263,48,199,142,170,252,154,249,130,221,266
85,6,0,1,140,0,0,1,1,285,92,5,138,90,12,231,77,111,230,149,61
86,9,1,1,260,1,0,1,1,78,287,73,15,247,179,3,20,238,233,170,54
87,5,0,0,29,0,1,0,0,60,297,12,218,170,186,169,290,216,114,164,214
88,8,1,0,178,1,1,1,0,268,216,176,59,181,82,210,71,220,129,194,278
89,5,0,0,74,1,1,0,0,287,153,201,220,270,63,87,297,238,25,137,246
90,4,0,0,10,0,0,0,0,95,8,242,230,288,77,219,200,190,266,128,165
91,6,0,1,165,0,0,1,0,3,129,166,4,190,73,228,272,87,174,176,11
92,4,0,0,58,1,0,0,0,195,197,141,251,8,189,290,98,233,286,137,226
93,6,1,0,151,1,0,0,0,63,138,157,11,158,300,148,208,249,7,198,114
94,8,0,1,154,0,1,1,0,235,15,68,20,101,270,149,140,89,56,201,95
95,10,1,1,263,0,1,1,1,232,118,226,136,44,280,77,85,134,118,165,156
96,8,1,0,196,1,0,1,1,26,108,108,100,21,296,57,142,2,96,135,117
97,8,0,1,190,1,1,0,1,236,247,14,209,38,190,257,262,109,39,221,175
98,7,0,1,265,0,1,0,1,196,33,7,128,102,8,71,41,182,203,283,120
99,10,1,1,40,0,1,1,1,132,191,211,121,287,51,200,44,67,300,88,95
100,7,1,0,298,0,0,1,1,133,253,138,257,174,181,160,27,32,273,269,63
101,7,0,1,101,0,1,0,0,289,152,64,295,63,210,18,155,84,80,80,127
102,6,1,0,226,1,0,0,1,266,70,137,113,156,208,60,68,62,192,54,128
103,9,1,1,279,0,1,0,1,140,55,48,154,203,144,24,225,221,168,291,5
104,8,1,0,52,1,0,0,1,277,37,63,280,202,160,169,164,35,227,50,266
105,8,0,1,182,1,1,0,1,27,269,89,183,251,246,165,94,153,22,34,268
106,10,1,1,190,0,1,0,1,58,197,72,60,236,297,84,104,289,264,159,127
107,6,0,1,276,1,1,0,0,280,77,224,60,67,59,285,256,244,242,136,184
108,6,0,1,138,0,0,0,0,159,152,101,12,294,157,144,153,201,108,5,138
109,7,1,0,74,0,1,1,1,9,206,254,82,257,160,48,43,112,105,295,293
110,5,0,1,85,0,0,0,0,101,268,123,90,152,298,33,60,11,99,49,12
111,5,0,0,47,1,0,1,0,171,148,191,41,12,11,107,83,85,210,185,230
112,7,0,1,149,0,1,1,1,218,76,127,178,148,71,256,77,187,64,155,150
113,9,1,1,241,0,0,0,1,31,216,33,76,119,147,290,28,14,247,205,211
114,5,0,0,300,0,0,1,0,37,272,248,299,150,150,253,36,152,145,77,120
115,6,0,0,32,0,0,1,1,142,115,53,212,41,13,298,236,249,170,235,173
116,5,0,0,254,0,0,0,1,125,130,235,28,72,164,10,87,155,100,86,143
117,6,0,1,216,0,0,0,0,74,37,118,171,106,182,135,106,189,66,141,100
118,9,1,1,25,0,0,0,1,300,110,21,299,282,205,288,148,7,174,107,205
119,6,1,0,16,0,1,0,0,176,25,67,45,251,92,167,81,272,225,34,171
120,10,1,1,26,0,1,1,1,125,56,114,87,250,290,210,40,172,46,165,182
121,8,1,1,239,0,1,0,1,50,8,239,220,300,10,70,146,186,112,148,157
122,7,0,1,137,1,0,1,0,85,154,40,296,247,274,17,58,297,264,183,228
123,8,1,0,139,1,0,1,1,3,55,217,64,223,169,285,154,212,34,18,4
124,5,0,0,177,0,1,1,1,50,241,24,186,159,234,240,45,6,169,296,135
125,6,1,0,44,1,1,0,0,14,21,23,118,274,127,260,28,208,159,171,21
126,9,1,1,128,1,0,1,0,11,55,291,161,275,84,257,140,235,271,106,7
127,6,0,0,158,1,1,0,1,161,185,28,163,243,231,107,120,283,228,67,30
128,8,1,1,219,0,1,0,0,292,300,229,203,35,290,127,5,95,102,122,96
129,6,0,1,5,0,0,0,1,257,197,92,293,2,249,167,202,154,45,174,296
130,7,0,1,103,1,0,1,1,86,51,55,128,198,281,125,129,284,87,120,155
131,6,1,0,64,1,0,0,1,228,279,140,260,249,79,93,262,7,143,235,269
132,8,0,1,217,0,1,0,1,218,17,67,239,166,192,261,143,86,298,211,240
133,6,0,1,136,0,0,1,1,101,144,124,37,52,23,237,144,17,185,139,44
134,9,1,1,79,1,1,0,0,120,167,253,53,115,79,141,223,150,95,186,249
135,7,0,1,251,0,0,1,0,184,97,113,195,53,202,91,236,270,186,71,270
136,8,1,1,222,1,1,0,0,155,263,6,237,37,175,149,183,221,214,175,287
137,4,0,0,206,1,0,0,1,140,208,195,226,193,38,42,54,60,225,101,94
138,7,1,1,206,0,0,0,0,251,194,95,161,294,62,111,167,122,156,88,220
139,7,1,0,116,1,1,1,0,20,258,132,227,52,18,228,125,98,127,297,138
140,6,0,0,118,1,1,1,1,270,47,26,114,177,175,140,290,203,201,279,133
141,7,0,1,66,1,0,1,0,43,190,98,117,14,255,175,227,244,15,54,64
142,8,1,1,124,0,0,1,0,27,229,219,199,280,236,96,260,79,157,7,187
143,5,0,1,210,0,0,0,0,292,203,43,271,60,147,289,256,135,95,216,292
144,7,1,0,43,0,1,1,0,104,39,106,107,107,253,274,67,181,298,33,39
145,7,0,1,107,0,0,1,1,229,299,213,34,175,24,177,16,78,103,43,250
146,8,1,1,198,1,0,0,0,292,175,213,2,44,201,37,256,71,160,66,35
147,6,0,0,70,1,0,1,1,11,145,214,149,299,262,30,79,180,88,23,224
148,7,0,1,56,0,0,1,1,246,159,293,202,243,105,270,205,269,87,117,150
149,6,0,0,3,1,1,0,0,243,271,221,8,176,16,63,163,61,150,137,146
150,6,0,0,141,1,1,1,1,198,181,267,164,27,88,26,194,220,276,161,80
151,5,0,0,208,0,1,1,0,115,280,257,174,250,197,207,201,213,120,133,67
152,8,1,1,175,0,0,0,1,56,183,12,71,288,195,298,72,244,197,278,119
153,7,1,0,289,1,1,0,1,23,135,136,238,218,105,235,203,39,256,37,164
154,7,0,1,260,1,1,0,1,69,257,291,243,273,66,49,224,78,282,250,277
155,6,0,0,187,0,1,0,1,145,136,188,66,206,99,89,118,181,172,90,6
156,7,0,1,87,1,0,0,1,66,187,63,53,299,102,35,125,148,14,246,78
157,5,0,0,299,0,1,0,1,267,16,224,117,127,136,78,94,107,204,272,205
158,7,1,0,224,1,0,0,0,251,127,60,120,47,59,1,183,55,227,217,169
159,5,0,0,292,0,0,1,1,35,210,73,123,44,70,2,298,206,237,64,201
160,7,1,0,125,0,1,0,1,291,145,145,251,214,103,175,41,170,280,56,178
161,4,0,0,47,0,0,0,0,94,270,192,300,118,51,92,17,166,270,73,44
162,8,0,1,44,1,1,1,1,228,129,243,89,158,166,12,244,103,299,269,71
163,8,1,1,53,1,0,0,0,92,260,31,76,293,220,161,221,13,266,191,260
164,4,0,0,296,0,0,0,1,66,250,100,29,250,218,156,290,83,117,280,29
165,6,1,0,216,0,0,1,1,4,171,55,141,211,291,179,167,56,66,37,84
166,6,0,0,205,1,1,1,0,212,28,197,46,249,275,296,188,137,254,56,35
167,9,1,1,179,1,1,0,1,110,42,105,88,45,246,284,62,66,58,66,184
168,7,0,1,163,1,0,0,1,172,8,127,277,55,82,16,79,6,33,184,108
169,6,1,0,134,0,0,0,0,143,144,210,211,112,163,140,171,114,24,49,239
170,5,0,0,19,0,0,0,1,94,137,149,185,287,218,96,245,300,151,3,269
171,9,1,1,166,1,1,0,0,69,6,217,147,248,200,164,41,36,32,193,12
172,9,1,1,31,1,1,0,1,55,71,214,59,105,125,231,149,135,45,263,213
173,6,1,0,244,0,0,0,0,135,284,215,10,195,132,299,43,58,65,105,109
174,6,0,0,228,1,1,0,1,104,258,138,286,292,3,169,71,67,43,106,250
175,8,1,1,221,0,0,0,0,24,147,272,139,139,43,93,288,66,282,176,266
176,9,1,1,244,0,0,1,0,96,39,22,259,47,95,59,296,110,12,94,28
177,5,0,1,167,0,0,1,0,89,252,130,171,78,6,190,136,130,250,33,176
178,5,0,0,254,0,1,0,0,88,145,130,289,80,144,282,114,248,280,290,47
179,7,1,0,289,0,1,0,1,212,281,110,202,252,183,164,156,288,29,147,202
180,6,0,0,109,0,1,0,1,207,146,97,199,140,246,290,110,17,145,141,280
181,5,0,0,164,0,0,1,1,93,197,254,51,30,246,6,277,94,291,246,234
182,7,1,0,142,1,0,1,1,75,144,68,17,21,272,77,300,41,189,250,240
183,6,0,0,35,0,1,1,1,298,63,57,295,123,41,30,78,96,65,15,190
184,7,1,0,258,1,1,0,1,174,132,226,188,20,138,173,63,120,295,222,183
185,8,0,1,190,1,1,1,0,79,108,241,200,66,298,146,126,201,16,154,294
186,8,0,1,117,1,0,1,1,188,79,6,162,67,268,219,208,43,32,78,62
187,5,0,0,190,1,0,1,0,10,55,265,183,214,217,30,241,111,109,273,152
188,3,0,0,259,0,0,0,0,287,149,66,64,268,85,81,230,168,11,233,83
189,5,0,0,233,0,1,1,1,176,293,38,168,33,5,5,17,83,281,128,76
190,9,1,1,107,0,1,0,0,30,286,75,299,14,209,133,219,68,173,134,224
191,6,0,1,246,1,0,1,0,113,88,209,239,32,17,164,107,268,280,81,103
192,8,1,1,260,0,0,1,0,226,191,42,164,93,96,174,71,67,132,145,59
193,6,0,1,188,1,0,1,0,23,134,189,63,37,60,75,47,116,260,193,70
194,4,0,0,266,0,0,0,1,232,225,167,94,298,129,182,123,110,40,185,47
195,7,1,0,49,0,1,1,0,299,56,152,285,35,65,150,214,34,173,24,212
196,8,1,1,28,1,0,1,0,180,104,48,204,270,193,78,198,1,18,64,137
197,5,0,0,258,0,1,0,0,294,67,142,16,189,67,213,253,285,203,125,248
198,5,0,0,88,0,1,0,1,142,186,76,41,34,204,219,142,231,292,251,93
199,4,0,0,31,0,0,0,1,260,73,106,216,24,63,166,83,212,104,34,285
200,5,0,0,76,0,0,1,1,299,194,212,75,64,87,281,262,193,59,187,256
201,9,1,1,295,0,1,0,1,27,181,296,112,125,77,132,158,215,248,38,78
202,7,1,0,253,0,1,1,1,170,52,84,159,34,41,300,292,226,233,125,99
203,8,1,0,156,1,1,0,1,112,99,239,173,278,247,95,228,63,213,175,16
204,5,0,0,96,0,0,1,1,287,156,191,208,187,187,157,100,79,22,232,276
205,8,0,1,200,0,1,0,1,78,151,140,231,13,110,144,297,294,106,243,80
206,7,1,0,157,0,1,1,0,52,137,199,264,296,14,25,273,133,64,24,30
207,7,1,0,145,1,1,0,1,209,222,207,269,234,221,186,35,139,3,255,291
208,7,1,0,188,1,0,0,0,68,32,99,154,131,18,34,216,164,15,231,259
209,9,0,1,276,1,1,1,1,18,190,270,165,110,158,124,246,55,114,65,269
210,6,1,0,37,1,0,0,0,161,141,199,95,82,228,73,213,42,233,248,203
211,5,0,0,275,0,1,0,1,56,13,113,10,2,135,76,217,205,214,209,253
212,8,1,1,37,0,0,0,1,76,117,89,103,232,103,121,293,228,218,146,257
213,7,1,0,257,0,1,0,0,139,177,273,106,76,202,249,239,272,114,254,48
214,6,1,0,22,1,0,1,0,105,218,48,288,166,244,275,73,157,174,205,199
215,7,0,1,253,1,0,0,0,235,300,185,172,209,48,205,140,71,220,257,100
216,7,0,1,295,1,0,1,0,213,151,241,132,140,63,76,91,31,296,244,258
217,7,0,1,223,0,1,1,1,201,156,65,128,273,49,255,222,28,298,197,19
218,6,0,0,91,1,1,0,0,121,223,150,79,103,60,87,49,120,271,218,116
219,8,0,1,88,1,1,0,0,89,42,89,257,105,209,98,128,232,290,158,253
220,6,0,0,274,1,1,1,0,95,154,190,9,95,202,80,129,221,21,48,201
221,7,1,0,161,0,1,1,0,121,271,285,112,231,47,97,216,10,247,52,178
222,8,0,1,129,0,1,1,1,46,251,42,228,259,268,72,44,114,106,130,192
223,8,0,1,167,1,1,1,1,33,93,16,71,272,67,113,88,97,84,266,46
224,10,1,1,66,1,1,0,0,159,259,177,12,6,53,47,35,174,285,203,13
225,6,1,0,129,0,1,0,0,118,282,108,143,279,8,5,259,147,55,58,109
226,7,0,1,148,1,0,1,1,139,199,263,109,30,105,202,189,93,125,111,230
227,8,1,0,35,0,1,0,1,133,102,121,145,26,87,291,11,68,172,285,41
228,7,0,1,91,0,1,1,1,80,289,115,131,61,140,244,195,181,160,180,198
229,7,0,0,59,1,1,1,1,16,87,149,230,79,114,165,160,296,288,197,20
230,8,0,1,193,1,1,1,1,193,238,101,107,78,156,152,123,136,252,36,265
231,6,0,1,41,0,0,0,0,289,254,164,187,77,31,221,20,191,229,205,86
232,5,0,0,206,1,0,1,0,138,138,25,265,155,95,68,150,134,66,32,275
233,5,0,0,71,0,1,0,1,10,125,44,117,269,177,120,59,131,35,23,92
234,8,1,1,292,1,0,0,0,111,69,29,220,99,111,210,132,48,199,233,254
235,5,0,0,14,0,1,0,1,55,139,9,278,5,15,80,63,43,73,263,267
236,6,0,1,243,0,0,1,1,231,65,94,121,25,297,288,185,255,280,242,38
237,4,0,0,150,0,0,0,0,104,228,151,101,263,55,269,232,96,73,22,109
238,6,1,0,6,0,0,0,0,233,202,94,285,229,188,232,275,244,68,116,278
239,4,0,0,148,0,0,0,0,300,269,154,266,91,43,159,27,167,121,199,56
240,6,0,0,234,1,1,1,0,99,264,212,268,224,38,272,243,293,70,126,269
241,5,0,0,281,1,1,1,0,243,133,151,189,24,265,281,67,158,102,296,4
242,5,0,0,9,1,0,0,1,41,183,99,128,238,176,37,48,203,55,241,101
243,6,0,1,141,0,0,0,0,300,148,132,197,78,7,109,197,269,255,173,231
244,8,1,0,205,1,1,1,1,259,98,102,69,27,21,236,288,113,96,292,290
245,4,0,0,228,0,1,0,0,53,64,156,95,259,13,177,128,22,138,23,145
246,8,0,1,155,0,1,0,1,148,207,103,167,59,283,21,65,246,82,297,283
247,7,0,1,274,1,0,0,1,248,253,32,76,266,146,18,169,83,228,93,296
248,7,0,1,229,0,0,1,0,298,80,52,102,167,286,212,164,58,124,70,39
249,7,0,1,188,0,1,0,1,284,68,51,96,296,233,31,74,41,42,46,9
250,5,0,0,241,1,1,0,0,290,223,292,27,124,39,229,4,95,190,240,294
251,8,1,1,248,0,0,0,0,57,1,82,215,188,84,23,218,229,21,261,175
252,5,0,0,6,0,0,0,1,23,136,106,139,147,264,76,79,249,291,158,190
253,10,1,1,173,1,1,1,0,34,204,280,133,270,129,277,67,125,258,240,138
254,9,1,1,104,1,0,0,0,142,105,231,68,245,188,227,143,241,41,290,116
255,7,1,0,168,0,1,0,1,154,223,292,269,31,84,214,204,134,49,236,36
256,9,1,1,286,1,1,1,0,236,107,210,4,85,86,151,129,16,298,207,238
257,8,1,1,171,1,0,0,1,176,78,105,82,294,95,101,274,212,299,251,234
258,7,0,1,213,0,0,1,1,254,215,235,294,220,246,291,109,77,285,71,192
259,6,0,1,33,0,0,0,0,42,65,167,240,169,229,204,288,150,100,43,120
260,6,0,1,115,1,0,1,0,243,192,279,170,231,128,106,260,67,271,223,26
261,8,1,0,272,1,1,1,1,276,272,270,230,297,114,262,117,24,67,9,296
262,8,1,1,300,0,0,0,1,2,229,78,202,251,101,277,6,277,11,279,209
263,8,1,0,178,1,0,1,1,280,220,238,243,170,180,51,173,257,228,48,4
264,6,0,1,280,0,0,0,0,64,291,290,73,99,293,55,294,270,291,89,206
265,7,1,0,244,0,0,0,1,139,29,119,177,265,5,186,237,33,34,193,60
266,6,1,0,182,1,1,0,0,63,276,235,209,153,105,47,162,61,188,162,280
267,6,0,0,62,1,1,1,0,36,33,50,172,262,196,116,190,235,129,2,144
268,6,1,0,237,0,0,0,1,149,134,115,210,274,281,32,93,3,153,42,290
269,4,0,0,43,0,0,0,0,147,4,251,214,231,204,221,289,155,139,254,145
270,8,1,0,89,1,1,1,1,172,66,17,59,76,233,161,58,254,73,148,259
271,6,1,0,22,0,1,1,0,213,279,22,192,145,243,25,63,38,145,188,28
272,6,0,0,214,1,0,1,0,182,13,165,285,198,251,183,145,151,34,13,289
273,4,0,0,290,1,0,1,0,89,179,208,260,114,259,170,223,72,97,102,250
274,9,1,1,11,1,0,1,0,193,10,241,27,3,131,156,75,240,282,235,276
275,6,0,0,226,1,0,1,1,29,108,238,109,249,65,110,157,35,17,271,74
276,5,0,1,145,0,0,0,0,48,1,23,76,275,217,155,148,183,150,9,219
277,7,0,1,234,1,0,1,1,123,137,146,192,209,187,29,117,247,276,185,124
278,6,1,0,268,0,0,0,0,268,213,219,59,194,179,14,194,269,79,101,40
279,9,1,1,129,0,1,1,1,233,245,56,206,293,288,158,108,208,50,216,12
280,7,1,0,257,0,1,0,1,61,37,215,136,186,218,108,110,88,275,75,32
281,5,0,0,282,0,1,0,1,275,218,253,74,59,195,289,37,268,113,125,182
282,8,1,1,224,0,0,0,0,146,12,191,74,106,180,30,13,139,286,174,168
283,8,1,1,192,0,1,0,0,61,255,190,220,23,250,90,288,132,270,43,26
284,5,0,0,290,0,1,1,1,117,196,18,295,76,181,287,54,219,38,121,198
285,7,0,1,123,0,1,0,0,56,16,157,83,20,229,106,44,105,21,142,185
286,9,1,1,249,1,1,0,1,273,150,173,184,19,25,90,207,6,135,69,11
287,10,1,1,233,0,1,0,1,274,206,288,221,59,274,41,18,187,215,127,298
288,8,1,1,281,0,0,0,0,175,37,59,116,260,65,171,64,145,265,236,127
289,8,1,1,77,0,1,0,0,259,87,48,146,125,139,289,49,237,9,277,289
290,8,0,1,281,1,0,0,1,268,193,48,144,166,129,63,125,168,214,121,32
291,7,1,0,134,1,0,1,1,36,77,248,182,14,95,205,102,281,197,159,252
292,7,1,0,27,1,0,1,0,219,101,269,205,162,142,15,68,146,280,61,199
293,8,1,1,67,1,1,0,0,137,246,214,53,27,46,15,163,23,55,199,11
294,4,0,0,78,0,1,0,0,36,212,203,299,42,96,137,190,93,239,58,284
295,5,0,0,1,1,1,0,0,25,22,19,59,169,71,277,240,260,207,105,84
296,8,0,1,270,1,0,1,1,183,89,88,148,82,289,107,37,88,283,283,178
297,7,0,1,269,1,0,1,0,189,27,242,192,10,165,118,152,121,269,127,165
298,8,1,1,212,0,0,1,0,16,211,286,277,184,98,159,157,237,57,88,98
299,8,1,1,253,0,0,0,0,290,58,14,181,229,254,280,33,227,28,33,81
300,5,0,0,206,0,0,0,1,196,75,267,221,271,16,170,178,12,208,238,136
301,7,1,0,164,0,0,1,0,202,184,93,230,58,297,229,101,100,42,127,152
302,7,1,0,83,0,1,0,1,208,163,135,222,100,152,55,216,262,97,108,237
303,9,1,1,40,1,1,0,1,116,177,256,103,116,290,19,40,201,80,171,277
304,6,0,0,92,1,0,1,1,9,191,5,58,21,41,46,84,55,5,63,74
305,4,0,0,273,0,0,0,0,19,144,46,298,84,211,274,12,93,57,60,152
306,9,1,1,55,1,1,0,1,200,171,256,82,125,145,53,74,120,292,214,168
307,5,0,0,277,1,0,1,0,291,254,165,233,106,275,18,101,48,181,78,283
308,7,1,0,167,1,0,0,0,238,120,102,30,41,285,282,87,293,17,260,43
309,7,1,0,276,0,1,1,0,37,265,241,75,53,202,211,103,208,74,199,160
310,7,0,1,58,1,1,1,1,292,57,115,80,25,284,32,167,10,154,131,146
311,8,1,1,72,0,1,0,0,93,93,20,85,35,290,235,190,179,134,64,170
312,6,1,0,14,0,0,0,1,101,119,287,201,249,166,102,109,298,137,140,89
313,8,1,1,267,1,1,0,0,164,49,55,111,261,233,268,194,84,246,101,13
314,7,0,1,96,0,1,0,1,151,300,227,106,249,90,265,232,133,45,58,83
315,4,0,0,284,1,1,0,0,255,22,285,17,65,241,160,191,156,277,287,129
316,8,1,1,45,1,0,0,0,210,122,115,209,88,250,98,86,190,129,55,216
317,7,1,0,56,1,0,0,1,176,152,25,108,15,54,86,138,170,215,195,190
318,7,1,0,250,0,1,0,1,223,244,159,77,108,116,284,175,49,4,77,120
319,6,0,1,92,1,0,0,0,120,276,101,211,194,56,97,156,222,18,166,87
320,6,0,1,296,0,1,0,1,136,20,182,277,16,190,154,96,205,87,17,113
321,10,1,1,54,1,0,1,1,137,120,8,249,210,248,120,242,290,13,297,143
322,5,0,1,37,0,0,0,0,251,259,292,93,136,110,103,255,78,120,51,291
323,7,0,1,108,1,0,1,0,282,150,219,116,10,190,90,86,199,82,164,39
324,7,1,0,160,1,0,0,0,2,147,187,213,263,254,100,173,68,64,185,292
325,5,0,0,197,1,1,0,0,288,4,281,248,30,199,125,62,181,211,229,85
326,8,1,0,38,0,1,1,1,221,270,222,175,153,115,37,120,54,6,31,239
327,7,1,0,140,1,1,1,0,251,217,18,182,223,45,72,119,32,267,297,190
328,7,1,0,131,1,0,0,1,29,297,94,196,127,64,137,121,292,74,198,205
329,6,0,0,38,1,0,1,1,236,139,176,6,94,131,163,81,106,149,260,113
330,7,0,1,226,0,1,0,1,60,118,54,250,70,167,148,52,77,22,242,247
331,7,1,0,185,0,1,0,0,138,60,266,162,162,9,226,214,55,124,128,52
332,7,0,1,100,0,1,1,1,148,193,201,180,136,159,166,51,29,153,3,219
333,6,1,0,264,1,0,0,1,138,160,92,102,86,199,283,56,25,282,52,253
334,9,1,1,121,1,0,0,1,116,228,87,259,134,73,74,150,129,111,66,60
335,6,1,0,96,0,1,1,0,4,66,300,221,221,195,86,241,130,68,238,2
336,7,0,1,40,0,1,0,1,244,121,15,240,139,35,212,227,168,54,249,286
337,5,0,0,70,0,1,1,1,85,230,107,53,204,105,44,223,148,192,88,51
338,8,1,1,292,0,1,0,1,293,269,227,131,27,76,275,89,76,297,150,136
339,9,1,1,230,0,0,0,1,166,183,255,151,179,86,110,290,202,15,25,226
340,7,0,1,230,0,1,1,0,152,173,121,105,248,20,6,153,67,177,39,282
341,5,0,0,72,0,0,1,0,179,80,183,111,237,57,103,279,111,221,234,284
342,7,1,0,71,1,1,1,1,150,172,148,169,256,103,267,40,42,208,108,195
343,8,1,1,84,0,0,0,1,81,154,151,27,59,82,33,228,171,288,211,66
344,5,0,0,182,0,1,1,1,99,6,108,151,252,32,242,279,227,196,52,219
345,5,0,1,183,0,0,0,1,128,174,270,295,106,45,32,211,3,255,245,149
346,8,1,1,264,0,1,1,0,242,226,54,227,124,52,213,219,295,84,245,86
347,7,0,1,153,0,1,1,0,272,159,99,168,162,143,109,252,1,111,77,218
348,5,0,0,170,1,0,1,1,66,165,147,99,151,227,189,152,141,263,158,36
349,6,1,0,40,0,1,1,0,53,70,47,250,234,205,91,125,84,136,230,160
350,6,0,1,108,0,0,0,0,105,289,165,192,121,50,105,158,20,279,202,115
351,7,1,0,233,0,1,1,1,96,165,101,95,278,6,43,216,178,265,184,280
352,6,0,1,212,1,0,1,0,56,184,241,217,297,71,146,14,258,28,10,163
353,7,1,0,223,0,1,0,1,67,112,225,152,46,136,240,287,246,156,131,281
354,7,0,1,52,1,0,0,0,25,214,203,297,167,33,266,276,83,173,152,262
355,9,1,1,179,1,1,0,0,179,105,187,68,122,252,99,101,155,6,25,71
356,6,0,0,149,0,1,0,1,89,228,263,46,98,74,90,163,134,230,84,291
357,7,0,1,168,0,1,1,1,180,250,254,253,188,253,162,29,272,51,31,62
358,8,0,1,45,1,0,0,1,236,288,153,186,163,159,154,187,30,251,78,160
359,7,1,1,45,0,0,0,1,32,20,203,260,284,251,243,16,168,117,170,247
360,9,1,1,132,0,0,0,1,115,236,299,75,216,155,93,170,94,12,201,168
361,8,1,1,45,0,1,0,0,72,233,58,250,135,241,249,264,242,99,21,157
362,6,0,1,267,0,1,1,1,52,177,106,224,275,237,297,237,112,146,23,27
363,8,1,1,123,0,1,0,0,80,66,168,225,189,64,64,282,40,185,200,29
364,6,1,0,220,0,0,0,0,265,82,24,23,151,96,274,92,174,205,7,260
365,8,1,0,41,0,0,1,1,80,33,88,122,294,120,176,45,187,28,105,30
366,5,0,0,135,1,1,0,0,144,288,29,70,236,116,249,219,238,155,163,168
367,5,0,0,196,0,0,1,1,23,9,233,213,77,11,142,14,197,152,210,262
368,7,1,0,160,0,1,1,1,115,67,66,151,2,269,63,131,170,17,86,195
369,4,0,0,136,0,0,1,0,190,126,122,293,77,159,21,244,70,209,68,112
370,7,0,1,146,1,0,1,0,190,113,286,295,163,250,38,58,66,220,164,148
371,10,1,1,231,1,1,1,1,168,146,176,185,36,195,52,122,284,107,268,277
372,6,0,0,32,1,0,1,1,201,290,73,249,94,243,127,233,210,67,10,251
373,7,1,0,290,1,1,0,1,204,142,264,250,53,175,221,167,101,10,78,134
374,7,1,0,32,1,0,1,0,283,196,61,133,225,85,242,9,274,69,225,300
375,4,0,0,55,1,0,1,0,178,271,83,256,291,35,52,150,246,191,136,153
376,8,1,0,173,0,1,1,0,34,3,32,278,260,247,255,118,177,288,51,172
377,10,1,1,296,0,1,1,1,26,255,17,129,69,38,121,249,94,290,263,9
378,8,1,1,148,1,0,0,0,290,44,164,142,114,87,115,89,264,75,107,194
379,7,1,0,156,0,0,1,1,13,54,69,18,74,279,78,182,261,104,212,281
380,7,0,1,199,1,1,0,0,32,37,33,16,56,147,140,128,55,29,8,155
381,6,1,0,18,0,1,0,1,94,299,47,192,210,235,293,282,155,127,12,211
382,8,1,1,100,0,0,0,1,178,38,87,120,73,278,155,229,125,83,22,249
383,4,0,0,118,0,0,1,1,227,19,109,201,242,284,136,223,42,110,24,175
384,7,0,1,193,1,1,0,0,15,222,254,88,85,92,58,134,276,153,188,287
385,6,0,1,106,0,0,1,0,50,72,219,280,149,138,2,250,61,178,186,75
386,8,0,1,232,1,1,0,1,80,10,288,74,222,295,200,22,55,175,211,63
387,6,0,1,219,0,0,1,1,118,148,78,79,197,83,156,119,44,243,157,183
388,7,0,1,79,1,1,1,1,150,26,196,86,269,223,64,286,127,12,221,13
389,5,0,0,128,0,0,1,1,98,213,255,277,286,93,236,219,197,117,273,83
390,6,1,0,52,0,0,1,0,178,72,296,1,87,33,126,180,115,100,103,48
391,6,0,0,110,0,1,1,1,57,115,247,58,254,70,31,245,98,108,84,268
392,4,0,0,234,0,0,1,0,99,296,99,259,145,219,91,16,44,234,184,128
393,6,1,0,33,0,0,0,1,46,20,255,2,172,186,29,286,105,114,154,203
394,5,0,0,79,1,1,0,0,243,123,262,136,179,185,123,289,200,292,144,77
395,7,1,0,221,1,0,0,0,186,204,75,89,205,119,183,181,76,66,228,162
396,5,0,0,3,0,0,1,1,46,261,59,149,60,238,104,172,136,250,242,5
397,5,0,1,136,0,0,0,0,47,278,103,201,169,232,62,48,195,285,17,6
398,7,1,0,45,0,0,0,1,237,158,249,240,19,250,278,174,196,130,37,271
399,7,0,1,96,0,1,0,0,56,170,130,45,131,143,98,225,250,296,15,143
400,7,0,1,235,0,1,1,0,240,228,95,114,140,209,164,32,274,104,284,102
401,7,0,1,247,1,0,0,1,189,158,29,289,157,253,39,268,291,70,228,159
402,9,1,1,8,1,1,1,0,187,115,108,195,88,260,160,41,156,35,71,160
403,8,1,1,200,1,0,0,1,9,5,139,132,278,257,156,14,30,81,168,173
404,7,1,0,88,0,1,1,0,221,8,32,254,183,115,39,39,140,138,267,16
405,8,0,1,91,0,0,1,0,215,175,92,199,106,233,275,299,26,294,54,172
406,3,0,0,253,0,0,0,0,183,250,109,60,54,94,15,286,67,79,167,234
407,7,1,0,62,0,0,0,1,93,7,132,181,158,29,200,39,111,108,165,178
408,9,1,1,150,1,0,1,0,90,154,132,254,296,168,50,138,215,61,281,261
409,7,0,1,181,0,1,1,0,31,150,147,166,289,203,194,4,255,137,215,166
410,4,0,0,63,0,0,0,0,7,254,268,212,225,129,9,237,258,179,121,210
411,7,1,1,287,0,0,1,0,120,14,93,151,218,170,267,127,58,54,201,232
412,6,0,1,202,0,1,1,1,244,102,185,125,82,50,29,82,272,269,49,11
413,8,0,1,105,0,1,1,1,76,194,179,53,59,274,284,265,140,283,203,193
414,5,0,0,44,0,0,1,0,63,92,70,298,110,131,193,291,182,188,260,12
415,9,1,1,285,0,1,1,0,105,90,274,107,31,172,127,207,148,150,154,125
416,6,0,0,16,0,1,0,0,298,59,64,157,113,93,248,222,230,131,107,7
417,6,0,1,115,0,0,1,0,216,172,272,29,54,151,74,111,224,298,264,142
418,5,0,0,44,1,0,0,0,68,273,190,231,272,138,115,147,80,245,298,40
419,7,1,0,128,0,0,1,1,73,219,272,117,2,38,156,110,194,182,237,57
420,4,0,0,275,0,0,0,0,19,65,228,215,8,262,140,33,55,123,113,83
421,8,1,1,1,1,0,0,0,33,31,137,5,274,263,45,116,52,222,104,6
422,8,1,1,5,1,0,0,0,64,113,92,27,13,75,296,19,261,292,159,65
423,6,1,0,225,1,0,0,1,287,70,38,158,104,233,286,285,291,249,293,139
424,9,1,1,145,1,1,0,1,140,279,21,232,140,231,51,44,266,101,140,175
425,6,1,0,108,1,0,1,0,68,37,193,170,54,25,40,128,208,142,266,63
426,7,0,1,178,1,0,1,0,155,97,60,40,298,238,270,176,85,114,254,162
427,8,1,1,90,0,0,1,0,54,232,57,105,47,160,103,177,189,80,297,255
428,7,1,0,285,1,1,0,0,61,18,105,26,261,197,228,82,272,52,133,131
429,8,1,1,241,1,0,0,0,115,82,14,85,124,119,209,91,300,10,287,205
430,4,0,0,110,0,0,0,1,210,208,124,68,247,18,148,296,151,283,244,233
431,8,1,1,147,0,1,0,1,41,82,267,93,299,117,245,243,253,11,177,107
432,6,0,1,215,1,1,0,0,182,273,171,229,1,170,200,128,206,295,113,53
433,7,1,0,110,0,1,0,0,13,55,261,28,144,254,43,183,148,218,153,94
434,10,1,1,61,1,0,1,1,17,28,97,132,17,100,6,116,226,263,260,289
435,6,1,0,299,0,1,0,0,244,114,61,118,152,238,281,293,45,271,184,263
436,5,0,0,122,0,0,1,0,205,297,71,174,294,259,37,17,53,104,151,109
437,6,0,1,289,0,1,1,0,135,153,286,283,257,257,104,26,219,102,97,145
438,6,1,0,256,1,1,0,0,9,239,25,229,53,200,211,249,180,247,132,210
439,8,0,1,206,0,0,1,1,148,115,177,251,297,77,152,48,41,196,1,133
440,5,0,0,54,1,1,0,0,66,103,241,269,43,140,20,131,191,256,174,165
441,7,0,1,291,1,1,0,0,130,48,260,201,254,195,183,263,80,35,262,207
442,8,1,1,20,1,0,0,0,71,135,20,213,125,274,110,216,278,229,230,257
443,6,0,1,78,1,0,1,1,284,174,110,66,139,46,235,95,46,219,267,222
444,7,0,1,182,0,0,1,0,53,83,194,87,260,46,129,1,245,182,134,188
445,7,1,0,242,1,1,1,0,199,241,21,289,73,22,63,164,49,199,28,15
446,7,1,0,57,0,0,1,0,267,43,164,169,7,202,28,295,103,74,267,44
447,7,1,0,270,0,1,1,0,208,73,276,162,210,136,188,204,276,280,237,71
448,7,1,0,42,1,1,1,0,53,252,195,169,13,184,113,83,61,87,273,165
449,7,1,0,152,1,0,0,1,151,86,85,91,97,14,184,256,221,108,74,82
450,10,1,1,59,1,1,1,1,222,122,207,289,271,10,59,50,141,115,179,176
451,6,0,0,210,1,0,1,1,21,224,183,286,136,173,229,164,138,82,125,79
452,7,0,1,165,1,0,1,1,99,91,127,108,32,103,138,299,149,156,38,146
453,9,1,1,92,1,0,0,1,273,223,215,7,135,88,108,121,21,83,1,97
454,9,1,1,290,0,0,0,1,65,116,119,137,298,174,121,66,4,121,231,194
455,7,1,0,35,1,0,1,1,272,256,72,198,26,117,130,225,55,254,250,176
456,8,1,0,100,1,0,1,1,291,19,66,44,70,59,90,110,19,243,290,183
457,7,1,0,74,0,1,1,1,219,296,173,245,70,258,46,182,86,224,30,206
458,6,1,0,192,0,0,0,1,230,182,18,185,180,289,82,24,190,125,229,105
459,6,1,0,138,0,0,0,0,210,9,6,217,74,77,183,287,234,287,272,6
460,6,1,0,229,0,1,0,0,129,158,192,241,120,234,256,16,134,27,295,123
461,7,1,0,38,0,0,1,1,295,273,116,63,139,290,122,147,279,100,101,96
462,8,1,1,36,0,0,0,1,61,116,116,241,33,133,200,79,107,285,50,263
463,8,1,0,209,0,1,1,1,129,114,205,56,182,183,93,246,58,184,113,66
464,7,0,1,119,1,1,0,1,58,267,249,15,249,140,117,59,222,299,221,39
465,7,0,1,190,1,0,0,0,32,78,241,68,154,231,196,162,33,224,237,60
466,9,1,1,167,0,0,1,1,281,183,177,81,271,86,54,63,255,91,293,93
467,7,0,1,248,1,0,0,1,262,162,216,299,125,100,28,126,106,78,92,146
468,7,1,0,139,0,1,0,1,202,168,97,256,175,175,193,40,74,232,68,106
469,9,1,1,222,1,0,1,1,226,98,95,216,108,53,85,18,146,69,115,267
470,4,0,0,190,0,1,0,0,143,113,193,99,252,174,132,15,84,35,124,170
471,7,0,1,98,0,0,0,1,133,246,231,282,239,201,200,233,141,196,251,33
472,7,1,0,71,0,0,1,1,124,144,276,230,271,130,189,18,138,89,162,291
473,7,1,1,7,1,0,0,0,130,158,65,174,283,146,54,108,284,295,185,229
474,6,0,0,208,0,1,0,1,169,122,286,178,91,181,131,171,152,250,151,184
475,8,1,1,182,0,1,0,1,192,23,114,63,264,263,241,1,146,33,133,280
476,7,1,0,129,1,0,1,0,150,188,70,27,220,232,285,258,230,13,215,133
477,4,0,0,48,1,0,0,0,288,230,292,208,160,240,242,244,218,87,294,116
478,6,0,1,117,0,1,0,1,39,140,233,41,188,44,68,194,157,241,266,76
479,7,0,1,41,1,0,1,0,296,277,176,165,272,139,106,99,115,207,77,284
480,8,0,1,245,1,0,1,0,230,284,131,119,145,88,180,40,57,285,35,251
481,6,0,1,36,0,0,0,0,79,100,154,60,263,28,23,91,127,193,77,209
482,7,0,1,126,1,0,0,1,225,177,229,166,82,286,142,154,226,92,75,243
483,10,1,1,67,0,1,1,1,42,235,272,138,282,11,77,103,246,222,153,234
484,7,0,1,31,1,1,0,1,161,7,218,182,28,153,222,265,110,276,144,146
485,4,0,0,203,1,0,0,0,171,187,44,277,111,293,68,247,164,276,20,148
486,8,1,0,246,1,1,1,1,95,245,163,20,166,118,191,211,222,83,72,183
487,7,0,1,276,0,1,1,0,249,57,17,201,177,230,247,146,225,135,105,76
488,4,0,0,251,1,0,0,0,160,266,139,171,189,105,271,268,139,288,105,121
489,5,0,1,216,0,0,0,0,269,221,145,93,74,142,199,82,169,217,295,8
490,5,0,0,6,0,1,0,1,137,17,26,242,108,101,288,253,151,136,217,119
491,6,0,1,165,0,0,0,1,247,153,217,294,156,287,291,206,254,65,128,98
492,5,0,0,296,0,0,1,0,170,165,5,48,239,231,221,199,286,82,48,207
493,6,0,0,8,1,0,0,1,128,18,1,6,87,218,5,202,215,278,224,87
494,8,0,1,144,0,1,1,1,26,267,179,220,120,88,200,80,65,75,155,210
495,9,1,1,161,0,1,1,1,242,109,109,115,64,58,205,158,121,87,87,202
496,5,0,0,3,0,1,0,1,113,108,294,259,268,123,297,280,190,279,53,170
497,7,1,0,282,0,0,1,1,102,116,91,202,106,275,61,187,28,66,245,173
498,4,0,0,52,0,0,0,1,232,51,126,54,115,163,79,224,123,278,129,208
499,5,0,0,180,0,1,1,1,267,21,262,218,111,134,210,300,148,251,213,43
500,6,0,1,96,0,0,1,0,197,132,239,74,282,296,19,166,34,60,4,59
501,8,1,1,100,0,0,1,0,172,299,2,154,48,68,173,38,103,270,146,292
502,4,0,0,105,0,0,1,0,227,134,250,19,144,16,43,225,99,83,195,274
503,7,1,0,260,1,1,1,0,293,52,280,16,91,186,171,12,167,247,174,56
504,8,1,1,289,0,1,1,0,33,250,300,175,125,238,98,216,238,160,41,182
505,7,0,1,193,0,1,1,1,172,98,9,130,269,202,157,292,81,127,57,22
506,8,1,1,128,0,0,0,0,7,168,42,109,63,81,284,11,297,234,268,79
507,8,0,1,199,0,1,1,0,140,210,167,225,9,40,111,127,118,237,252,171
508,5,0,0,161,1,1,1,0,123,237,290,40,102,40,196,213,153,55,46,135
509,7,1,0,139,0,1,0,1,179,14,36,82,266,46,13,13,152,139,254,296
510,8,1,0,76,0,1,1,0,283,93,44,263,191,74,46,141,8,161,298,193
511,8,1,0,18,0,1,0,1,65,249,262,133,5,139,95,243,26,230,55,120
512,5,1,0,79,0,0,1,0,134,171,146,294,16,126,76,24,218,108,24,190
513,6,1,0,183,0,1,1,0,107,284,37,187,55,131,139,272,81,288,39,56
514,7,1,0,131,1,1,0,0,18,4,159,225,178,32,130,131,59,101,267,260
515,6,1,0,178,0,0,1,1,72,284,233,215,173,143,233,93,174,156,242,53
516,7,1,0,61,0,1,0,0,144,39,203,21,114,210,202,193,109,248,138,89
517,8,0,1,159,0,1,1,0,267,285,78,270,255,29,73,181,240,93,162,74
518,8,1,0,118,1,1,0,0,219,40,42,282,243,277,163,258,56,276,122,269
519,9,1,1,170,1,1,1,0,46,66,216,288,249,94,64,174,33,95,139,243
520,8,0,1,153,1,1,1,0,179,101,249,99,211,214,130,96,223,251,195,30
521,8,1,0,32,1,1,0,0,272,158,267,262,277,181,213,136,293,136,157,279
522,4,0,0,196,0,1,0,0,103,10,93,34,3,293,49,68,257,275,278,51
523,6,0,0,94,0,1,1,1,131,199,238,296,175,206,177,179,78,292,127,34
524,9,1,1,106,0,1,0,1,18,68,191,165,286,276,256,240,242,168,259,24
525,5,0,0,257,0,0,1,1,108,195,239,209,165,172,25,166,157,107,196,247
526,6,1,0,140,0,1,0,0,157,275,178,12,287,242,257,175,280,17,268,76
527,8,1,1,44,0,0,0,1,73,2,198,160,128,300,95,220,21,223,203,216
528,6,0,1,244,0,1,0,0,224,117,21,136,39,249,9,117,6,108,158,254
529,6,1,0,62,1,0,0,0,71,94,124,27,90,25,55,277,288,269,18,217
530,9,1,1,188,1,1,0,1,35,238,54,231,120,186,72,265,152,231,120,96
531,10,1,1,85,1,1,1,1,69,125,55,133,199,237,63,21,184,208,203,2
532,8,1,1,257,0,0,0,1,149,258,298,290,272,279,134,290,296,198,157,201
533,7,1,0,236,0,0,1,1,155,300,124,72,21,287,232,48,39,204,198,161
534,5,0,0,100,1,0,0,0,79,73,100,119,166,39,86,298,38,293,18,164
535,6,0,0,50,1,1,1,1,257,86,208,165,231,17,263,152,208,258,294,69
536,7,1,0,131,1,0,0,1,6,143,193,295,80,77,154,122,234,37,157,157
537,8,1,1,141,1,0,0,1,24,224,22,245,285,18,289,141,78,146,66,231
538,8,1,0,297,0,1,1,1,175,210,11,135,191,37,93,201,179,221,218,116
539,6,1,0,171,0,0,0,0,204,100,69,18,167,242,135,243,121,43,239,299
540,7,0,1,231,0,0,0,1,244,65,174,300,167,61,138,241,52,294,204,216
541,7,1,0,116,0,1,1,0,227,223,73,283,101,43,108,283,298,11,115,201
542,7,1,0,11,0,1,1,0,138,98,146,149,208,183,237,104,100,85,292,216
543,7,1,0,210,0,1,1,0,253,23,211,162,110,117,98,297,137,43,196,69
544,7,1,0,239,0,0,0,1,57,100,169,88,85,164,23,272,253,281,207,23
545,9,1,1,264,0,1,0,1,181,263,14,180,233,260,114,281,217,38,173,98
546,10,1,1,121,1,1,1,1,46,212,288,242,52,190,197,164,215,97,111,75
547,5,0,0,213,1,0,0,1,142,147,295,287,202,162,16,266,133,193,24,245
548,6,0,1,283,0,1,0,1,8,220,115,90,91,280,85,177,262,150,150,98
549,9,1,1,166,1,0,1,0,221,138,1,229,289,30,142,6,5,33,35,93
550,5,0,0,200,0,1,0,0,14,80,133,234,44,252,166,266,73,15,151,128
551,8,1,1,178,1,1,0,0,45,230,11,90,279,10,128,167,152,101,16,233
552,7,0,1,139,1,0,0,1,99,34,197,75,226,14,182,234,134,9,14,16
553,8,1,0,124,0,1,1,1,267,209,169,289,22,123,79,121,4,119,136,134
554,4,0,0,226,0,1,1,0,28,124,220,19,45,19,223,41,112,117,72,251
555,9,1,1,29,0,0,0,1,102,276,3,122,265,129,288,108,28,139,71,234
556,6,1,0,149,1,0,1,0,103,256,70,7,97,51,31,72,68,252,165,23
557,6,0,1,230,0,0,1,0,247,11,117,223,202,155,70,99,179,263,153,215
558,6,1,0,121,0,0,0,0,94,264,121,65,261,80,53,2,150,264,117,94
559,7,0,0,206,1,1,1,1,38,261,216,215,273,282,148,36,47,21,186,205
560,6,0,1,140,0,0,0,1,208,260,154,290,268,54,196,174,70,287,116,276
561,7,0,1,249,0,1,1,0,259,57,93,268,44,241,108,133,138,297,140,235
562,8,1,0,19,0,1,1,1,126,258,272,251,66,100,112,50,259,107,118,120
563,7,0,1,151,0,0,0,1,150,117,8,230,230,97,140,77,80,56,182,291
564,5,1,0,151,0,0,0,0,294,269,25,165,138,249,99,132,153,285,257,55
565,6,1,0,160,0,0,0,1,284,97,193,189,85,27,187,223,205,168,176,228
566,6,0,0,70,1,1,0,1,298,134,22,71,117,28,295,190,271,57,199,74
567,7,1,0,41,0,1,1,1,50,198,138,277,66,172,300,162,57,256,54,205
568,7,0,1,98,0,0,1,0,133,291,141,283,109,156,94,254,256,184,57,225
569,7,0,1,92,1,0,1,0,102,216,100,244,103,69,90,11,21,254,275,289
570,6,0,1,115,0,0,1,1,15,280,94,54,232,117,235,44,89,248,157,113
571,8,1,1,286,0,0,0,0,29,286,118,161,84,56,135,72,169,23,14,5
572,7,0,1,71,0,1,1,1,82,257,94,132,164,254,140,36,20,33,90,142
573,7,0,1,13,0,0,1,1,78,236,243,198,291,269,69,1,20,21,28,90
574,7,0,1,205,0,1,0,0,247,54,9,244,153,22,128,31,32,131,213,15
575,9,1,1,86,1,1,1,0,257,141,62,71,125,129,56,15,297,233,183,18
576,9,1,1,97,1,1,1,0,254,179,42,149,131,272,205,34,249,142,136,259
577,7,1,0,185,1,0,0,1,82,214,25,49,216,51,236,231,195,33,200,91
578,5,1,0,73,0,0,1,0,48,108,250,68,258,30,94,60,62,297,163,150
579,7,0,0,79,1,1,1,1,297,4,200,135,193,203,209,144,143,234,117,278
580,7,0,1,174,1,0,0,0,241,13,208,41,177,158,193,105,229,176,193,242
581,6,0,0,168,1,0,1,0,143,122,243,222,238,243,96,230,127,222,160,265
582,5,0,0,26,1,0,0,0,157,99,292,165,29,291,299,264,151,215,265,17
583,7,0,1,182,1,0,1,1,287,261,209,53,287,141,160,100,108,258,201,12
584,8,1,0,175,1,1,1,1,64,183,82,25,254,60,229,296,116,104,241,255
585,7,0,1,38,0,1,1,0,296,233,112,273,251,77,104,146,3,106,204,230
586,4,0,0,268,1,0,0,0,280,16,92,110,72,67,42,156,150,290,164,291
587,7,0,1,189,0,1,0,0,259,140,92,298,162,246,163,19,30,16,257,188
588,10,1,1,243,1,0,1,1,190,296,256,226,190,293,196,92,33,191,68,155
589,8,0,1,191,0,1,1,1,299,132,74,39,184,50,19,20,202,245,125,263
590,9,1,1,287,1,1,0,0,232,87,199,33,54,1,214,38,164,172,199,291
591,10,1,1,142,1,0,1,1,5,37,203,5,125,23,90,21,104,130,78,207
592,5,0,0,275,0,1,0,0,52,114,171,173,244,249,23,295,168,151,240,4
593,9,1,1,281,0,0,1,1,11,216,163,103,34,57,74,91,153,283,171,201
594,9,1,1,14,1,0,0,1,270,87,18,252,213,111,182,142,260,26,5,270
595,9,1,1,71,1,0,1,0,200,141,126,12,124,76,110,279,117,296,49,12
596,7,1,0,59,1,1,1,0,257,49,6,272,107,92,66,116,105,255,95,46
597,6,0,0,32,1,1,0,1,163,14,293,195,230,124,280,97,65,123,143,230
598,8,1,1,233,1,0,0,1,221,78,274,236,122,118,183,197,192,237,206,250
599,8,0,1,174,0,1,1,1,203,76,193,215,37,99,226,41,168,69,167,66
600,5,0,0,62,1,0,1,0,90,80,77,7,141,35,253,111,274,39,45,69
601,5,0,0,76,0,0,0,1,286,297,78,6,153,52,273,229,269,20,48,188
602,7,0,1,237,0,1,1,1,277,68,126,273,286,282,51,271,2,143,55,17
603,6,1,0,18,0,1,1,0,224,136,254,169,274,22,75,85,243,53,112,233
604,7,1,0,228,1,0,0,1,245,153,240,290,152,280,70,41,145,34,104,128
605,10,1,1,268,1,0,1,1,143,138,119,209,136,284,84,166,20,128,229,171
606,6,0,1,120,0,1,1,0,117,88,152,4,291,115,128,74,47,180,164,218
607,5,0,0,202,0,0,1,1,175,130,183,167,259,59,200,210,205,17,44,231
608,5,0,0,125,1,1,0,1,71,223,262,21,36,132,106,166,108,85,115,77
609,9,1,1,100,0,0,1,0,45,291,54,297,35,77,259,131,64,223,10,263
610,9,1,1,14,1,0,0,1,233,238,299,142,64,197,205,195,184,270,93,241
611,6,0,1,233,0,1,1,0,262,174,285,118,3,255,247,202,82,243,275,55
612,5,0,0,292,0,0,1,1,106,145,106,162,65,125,198,177,292,51,139,282
613,5,0,0,29,1,0,1,0,77,24,253,185,158,45,176,204,70,83,94,16
614,6,0,1,261,0,1,0,0,219,72,119,47,27,134,20,220,61,76,129,180
615,6,0,1,237,1,1,0,0,282,180,261,69,49,209,267,264,26,264,276,197
616,7,1,0,100,1,0,0,1,161,111,76,136,293,108,176,255,71,4,180,188
617,9,1,1,202,1,0,0,1,166,225,4,153,79,90,41,80,75,172,18,293
618,8,1,1,36,0,0,1,0,69,188,207,10,222,1,36,81,129,124,163,258
619,7,1,0,97,0,1,1,1,172,187,65,263,150,251,214,67,50,260,259,198
620,6,0,1,47,0,0,1,0,124,62,203,260,129,248,280,209,169,158,175,144
621,7,0,1,108,0,1,1,0,164,100,232,153,223,61,168,185,121,115,59,13
622,5,0,0,100,0,1,0,0,60,118,279,8,200,65,244,137,30,251,153,111
623,5,0,0,187,1,1,0,0,180,169,146,31,93,153,24,57,214,3,187,264
624,5,0,0,278,0,0,0,1,242,229,73,230,38,41,96,108,154,214,85,97
625,7,0,1,181,0,0,1,0,223,193,176,162,294,2,107,107,10,103,32,282
626,7,1,1,74,1,0,0,1,174,258,11,92,300,297,287,103,300,199,182,22
627,8,0,1,41,1,1,0,1,298,242,67,280,255,70,241,254,159,58,27,295
628,7,1,0,141,1,1,0,1,172,229,50,152,153,91,98,118,41,118,208,232
629,7,1,1,203,1,0,0,0,265,42,191,117,186,297,291,110,23,125,73,257
630,6,1,0,237,0,0,0,1,33,48,43,88,208,190,126,170,282,240,267,244
631,5,0,0,11,1,0,0,1,108,290,156,205,204,34,145,92,276,231,234,173
632,8,0,1,82,1,0,0,0,42,150,119,204,232,208,115,208,213,185,11,216
633,5,1,0,255,0,0,0,0,240,29,93,93,32,61,97,252,151,62,49,238
634,8,0,1,200,0,1,0,1,56,129,283,153,296,166,199,44,4,29,80,11
635,10,1,1,133,1,1,0,1,287,243,269,139,146,197,174,237,247,223,126,114
636,9,1,0,299,1,1,1,1,172,126,248,183,253,299,282,69,34,186,43,202
637,5,0,0,207,1,1,1,1,86,89,181,88,134,186,95,64,85,91,146,46
638,4,0,0,148,1,0,0,0,163,187,58,251,32,193,217,298,215,9,141,52
639,7,1,0,285,1,0,1,0,286,211,253,52,172,221,246,94,199,252,23,109
640,6,1,0,193,0,0,0,0,277,9,86,191,265,78,8,205,159,203,152,64
641,10,1,1,108,1,0,1,0,70,7,109,101,170,95,237,296,148,230,255,46
642,7,0,1,55,0,1,0,1,208,247,55,176,132,218,53,153,46,289,118,253
643,9,1,1,47,1,0,0,1,281,50,17,227,226,21,116,42,287,247,298,188
644,7,0,1,132,0,1,1,1,185,197,278,186,63,67,88,249,64,63,78,180
645,6,0,1,207,0,0,1,0,174,122,149,107,227,168,8,132,287,59,298,67
646,8,1,0,9,1,1,1,1,294,115,60,11,63,38,10,189,293,279,50,271
647,8,0,1,1,1,1,0,1,188,288,92,176,193,272,40,263,202,2,182,249
648,7,1,0,162,1,0,1,0,182,213,289,289,222,10,100,177,257,235,61,188
649,7,1,0,147,1,0,1,0,291,112,239,146,28,153,23,99,63,128,139,97
650,9,1,1,79,1,1,0,1,168,121,278,44,60,1,136,264,243,299,80,243
